{"cameraMode":{"drawMode":0,"name":"Shaded","section":"Shading Mode"},"sceneLighting":false,"audioPlay":false,"sceneViewState":{"m_AlwaysRefresh":false,"showFog":true,"showSkybox":false,"showFlares":true,"showImageEffects":true,"showParticleSystems":true,"showVisualEffectGraphs":true,"m_FxEnabled":true},"in2DMode":false,"pivot":{"x":0.16835308074951173,"y":0.9826464653015137,"z":14.597610473632813},"rotation":{"x":0.010234053246676922,"y":-0.7309944033622742,"z":0.01096574030816555,"w":0.6822184920310974},"size":1.7146854400634766,"orthographic":false}