{"cameraMode":{"drawMode":0,"name":"Shaded","section":"Shading Mode"},"sceneLighting":true,"audioPlay":false,"sceneViewState":{"m_AlwaysRefresh":false,"showFog":true,"showSkybox":true,"showFlares":true,"showImageEffects":true,"showParticleSystems":true,"showVisualEffectGraphs":true,"m_FxEnabled":true},"in2DMode":false,"pivot":{"x":0.4420437216758728,"y":6.005653381347656,"z":0.09263443946838379},"rotation":{"x":-0.07637591660022736,"y":0.0358869731426239,"z":0.0027507180348038675,"w":0.9964295029640198},"size":7.376967430114746,"orthographic":false}